scenario,method,snr_db,omega_rad_per_frame,median_abs_error_rad,rmse_rad,p90_abs_error_rad,sign_error_rate,quality_mean,quality_median
awgn,kasai,-12.0,0.35,0.858261227607727,1.3580667972564697,2.4391331672668457,0.419921875,0.38562193512916565,0.3824743330478668
awgn,wls_origin,-12.0,0.35,0.2173628807067871,0.7980888485908508,1.5059597492218018,0.283203125,0.38562193512916565,0.3824743330478668
awgn,wls_free,-12.0,0.35,0.38413745164871216,0.8507506251335144,1.4817166328430176,0.3466796875,0.38562193512916565,0.3824743330478668
awgn,huber_wls,-12.0,0.35,0.21342416107654572,0.8100407719612122,1.5156042575836182,0.2724609375,0.38562193512916565,0.3824743330478668
awgn,leave_one_out,-12.0,0.35,0.23599305748939514,0.8154342770576477,1.5014334917068481,0.2763671875,0.38562193512916565,0.3824743330478668
awgn,circular_grid,-12.0,0.35,0.493055522441864,1.4104591608047485,2.6062755584716797,0.28515625,0.38562193512916565,0.3824743330478668
awgn,circular_refined,-12.0,0.35,0.507811427116394,1.408840537071228,2.5931825637817383,0.2861328125,0.38562193512916565,0.3824743330478668
awgn,circular_sign_wls,-12.0,0.35,0.2626628875732422,0.7853685617446899,1.4699145555496216,0.28515625,0.38562193512916565,0.3824743330478668
awgn,kasai,-12.0,0.8,0.7936685085296631,1.333470344543457,2.357635974884033,0.2880859375,0.4799764156341553,0.5438421368598938
awgn,wls_origin,-12.0,0.8,0.23902860283851624,0.9443476796150208,1.657059669494629,0.310546875,0.4799764156341553,0.5438421368598938
awgn,wls_free,-12.0,0.8,0.4241095185279846,1.0291043519973755,1.8629114627838135,0.32421875,0.4799764156341553,0.5438421368598938
awgn,huber_wls,-12.0,0.8,0.24521443247795105,0.952670156955719,1.6490709781646729,0.3115234375,0.4799764156341553,0.5438421368598938
awgn,leave_one_out,-12.0,0.8,0.25099343061447144,0.9566704630851746,1.6528565883636475,0.3115234375,0.4799764156341553,0.5438421368598938
awgn,circular_grid,-12.0,0.8,0.33748772740364075,1.3866868019104004,2.6325957775115967,0.2978515625,0.4799764156341553,0.5438421368598938
awgn,circular_refined,-12.0,0.8,0.3495893180370331,1.3852864503860474,2.626169443130493,0.296875,0.4799764156341553,0.5438421368598938
awgn,circular_sign_wls,-12.0,0.8,0.2452952265739441,0.9412240982055664,1.6587857007980347,0.2978515625,0.4799764156341553,0.5438421368598938
awgn,kasai,-12.0,1.35,0.8050417900085449,1.352957844734192,2.45106840133667,0.2548828125,0.46699467301368713,0.5319578647613525
awgn,wls_origin,-12.0,1.35,0.7644954323768616,1.2771576642990112,2.2734146118164062,0.328125,0.46699467301368713,0.5319578647613525
awgn,wls_free,-12.0,1.35,0.8422800302505493,1.3602122068405151,2.3845303058624268,0.357421875,0.46699467301368713,0.5319578647613525
awgn,huber_wls,-12.0,1.35,0.7504334449768066,1.2800301313400269,2.268563747406006,0.3291015625,0.46699467301368713,0.5319578647613525
awgn,leave_one_out,-12.0,1.35,0.7476717233657837,1.2795789241790771,2.2774176597595215,0.33203125,0.46699467301368713,0.5319578647613525
awgn,circular_grid,-12.0,1.35,0.4424288272857666,1.3941997289657593,2.588143825531006,0.2998046875,0.46699467301368713,0.5319578647613525
awgn,circular_refined,-12.0,1.35,0.44576889276504517,1.392688512802124,2.5839178562164307,0.298828125,0.46699467301368713,0.5319578647613525
awgn,circular_sign_wls,-12.0,1.35,0.7698847055435181,1.2759451866149902,2.2815892696380615,0.2998046875,0.46699467301368713,0.5319578647613525
awgn,kasai,-6.0,0.35,0.2525651156902313,0.5024794340133667,0.7145267724990845,0.1865234375,0.641329824924469,0.7213529348373413
awgn,wls_origin,-6.0,0.35,0.03336778283119202,0.1365167498588562,0.09651361405849457,0.0107421875,0.641329824924469,0.7213529348373413
awgn,wls_free,-6.0,0.35,0.07581935822963715,0.19153618812561035,0.2242061048746109,0.0234375,0.641329824924469,0.7213529348373413
awgn,huber_wls,-6.0,0.35,0.032207995653152466,0.13666993379592896,0.09667336940765381,0.0078125,0.641329824924469,0.7213529348373413
awgn,leave_one_out,-6.0,0.35,0.03774097561836243,0.14276985824108124,0.11243083328008652,0.0078125,0.641329824924469,0.7213529348373413
awgn,circular_grid,-6.0,0.35,0.03397244215011597,0.2726507782936096,0.09505897760391235,0.005859375,0.641329824924469,0.7213529348373413
awgn,circular_refined,-6.0,0.35,0.033162012696266174,0.27168846130371094,0.0955088883638382,0.0068359375,0.641329824924469,0.7213529348373413
awgn,circular_sign_wls,-6.0,0.35,0.03350386023521423,0.12184112519025803,0.09651361405849457,0.005859375,0.641329824924469,0.7213529348373413
awgn,kasai,-6.0,0.8,0.2568027079105377,0.5415321588516235,0.7904105186462402,0.05859375,0.8560642004013062,0.9273561239242554
awgn,wls_origin,-6.0,0.8,0.03718852996826172,0.29347091913223267,0.1222495511174202,0.0341796875,0.8560642004013062,0.9273561239242554
awgn,wls_free,-6.0,0.8,0.0852639377117157,0.31561464071273804,0.2536769509315491,0.033203125,0.8560642004013062,0.9273561239242554
awgn,huber_wls,-6.0,0.8,0.037082016468048096,0.29247841238975525,0.12257068604230881,0.033203125,0.8560642004013062,0.9273561239242554
awgn,leave_one_out,-6.0,0.8,0.0426982045173645,0.29400795698165894,0.13673529028892517,0.0341796875,0.8560642004013062,0.9273561239242554
awgn,circular_grid,-6.0,0.8,0.037758052349090576,0.34090498089790344,0.10586033016443253,0.013671875,0.8560642004013062,0.9273561239242554
awgn,circular_refined,-6.0,0.8,0.03642469644546509,0.34166258573532104,0.10679706186056137,0.013671875,0.8560642004013062,0.9273561239242554
awgn,circular_sign_wls,-6.0,0.8,0.037082016468048096,0.2191750407218933,0.11566894501447678,0.013671875,0.8560642004013062,0.9273561239242554
awgn,kasai,-6.0,1.35,0.25202322006225586,0.5358222723007202,0.7954376935958862,0.0185546875,0.90283203125,0.9766782522201538
awgn,wls_origin,-6.0,1.35,0.03650319576263428,0.35769665241241455,0.13378262519836426,0.029296875,0.90283203125,0.9766782522201538
awgn,wls_free,-6.0,1.35,0.07889801263809204,0.4020152986049652,0.2860194146633148,0.0361328125,0.90283203125,0.9766782522201538
awgn,huber_wls,-6.0,1.35,0.03708183765411377,0.3530347943305969,0.1377151608467102,0.0283203125,0.90283203125,0.9766782522201538
awgn,leave_one_out,-6.0,1.35,0.041356801986694336,0.35481300950050354,0.14960181713104248,0.0263671875,0.90283203125,0.9766782522201538
awgn,circular_grid,-6.0,1.35,0.03753674030303955,0.3061389923095703,0.11081624031066895,0.0126953125,0.90283203125,0.9766782522201538
awgn,circular_refined,-6.0,1.35,0.03580993413925171,0.30622372031211853,0.11190429329872131,0.0126953125,0.90283203125,0.9766782522201538
awgn,circular_sign_wls,-6.0,1.35,0.036563754081726074,0.3439039885997772,0.13777916133403778,0.0126953125,0.90283203125,0.9766782522201538
awgn,kasai,0.0,0.35,0.05965760350227356,0.09795860946178436,0.15768317878246307,0.0009765625,0.9683527946472168,0.9784873723983765
awgn,wls_origin,0.0,0.35,0.010048404335975647,0.015700476244091988,0.025260817259550095,0.0,0.9683527946472168,0.9784873723983765
awgn,wls_free,0.0,0.35,0.020161747932434082,0.032903168350458145,0.05253950506448746,0.0,0.9683527946472168,0.9784873723983765
awgn,huber_wls,0.0,0.35,0.010048404335975647,0.015700476244091988,0.025260817259550095,0.0,0.9683527946472168,0.9784873723983765
awgn,leave_one_out,0.0,0.35,0.011304661631584167,0.018022775650024414,0.028824761509895325,0.0,0.9683527946472168,0.9784873723983765
awgn,circular_grid,0.0,0.35,0.009660780429840088,0.016051946207880974,0.0252457857131958,0.0,0.9683527946472168,0.9784873723983765
awgn,circular_refined,0.0,0.35,0.01004841923713684,0.015700476244091988,0.025260796770453453,0.0,0.9683527946472168,0.9784873723983765
awgn,circular_sign_wls,0.0,0.35,0.010048404335975647,0.015700476244091988,0.025260817259550095,0.0,0.9683527946472168,0.9784873723983765
awgn,kasai,0.0,0.8,0.06008678674697876,0.09558086097240448,0.15790347754955292,0.0,0.994054913520813,0.9956436157226562
awgn,wls_origin,0.0,0.8,0.009543448686599731,0.015427665784955025,0.02452681213617325,0.0,0.994054913520813,0.9956436157226562
awgn,wls_free,0.0,0.8,0.02042943239212036,0.031642451882362366,0.051622677594423294,0.0,0.994054913520813,0.9956436157226562
awgn,huber_wls,0.0,0.8,0.009543448686599731,0.015427665784955025,0.02452681213617325,0.0,0.994054913520813,0.9956436157226562
awgn,leave_one_out,0.0,0.8,0.01098644733428955,0.01780347339808941,0.029454272240400314,0.0,0.994054913520813,0.9956436157226562
awgn,circular_grid,0.0,0.8,0.011578082107007504,0.01569504290819168,0.02332848310470581,0.0,0.994054913520813,0.9956436157226562
awgn,circular_refined,0.0,0.8,0.009543389081954956,0.015427673235535622,0.02452682889997959,0.0,0.994054913520813,0.9956436157226562
awgn,circular_sign_wls,0.0,0.8,0.009543448686599731,0.015427665784955025,0.02452681213617325,0.0,0.994054913520813,0.9956436157226562
awgn,kasai,0.0,1.35,0.06058228015899658,0.09581831097602844,0.1580590307712555,0.0,0.9978761076927185,0.9985042214393616
awgn,wls_origin,0.0,1.35,0.009702742099761963,0.01504442747682333,0.02397085353732109,0.0,0.9978761076927185,0.9985042214393616
awgn,wls_free,0.0,1.35,0.01987248659133911,0.032096996903419495,0.05146394670009613,0.0,0.9978761076927185,0.9985042214393616
awgn,huber_wls,0.0,1.35,0.009702742099761963,0.01504442747682333,0.02397085353732109,0.0,0.9978761076927185,0.9985042214393616
awgn,leave_one_out,0.0,1.35,0.010743558406829834,0.01704879105091095,0.027519594877958298,0.0,0.9978761076927185,0.9985042214393616
awgn,circular_grid,0.0,1.35,0.011356830596923828,0.015320991165935993,0.023549795150756836,0.0,0.9978761076927185,0.9985042214393616
awgn,circular_refined,0.0,1.35,0.009702861309051514,0.015044433064758778,0.023971056565642357,0.0,0.9978761076927185,0.9985042214393616
awgn,circular_sign_wls,0.0,1.35,0.009702742099761963,0.01504442747682333,0.02397085353732109,0.0,0.9978761076927185,0.9985042214393616
awgn,kasai,6.0,0.35,0.015953630208969116,0.024635199457406998,0.040911056101322174,0.0,0.998044490814209,0.998455286026001
awgn,wls_origin,6.0,0.35,0.0030944347381591797,0.004721192643046379,0.00782080926001072,0.0,0.998044490814209,0.998455286026001
awgn,wls_free,6.0,0.35,0.005487456917762756,0.008366405963897705,0.013676824979484081,0.0,0.998044490814209,0.998455286026001
awgn,huber_wls,6.0,0.35,0.0030944347381591797,0.004721192643046379,0.00782080926001072,0.0,0.998044490814209,0.998455286026001
awgn,leave_one_out,6.0,0.35,0.00357992947101593,0.005242961924523115,0.0087244538590312,0.0,0.998044490814209,0.998455286026001
awgn,circular_grid,6.0,0.35,0.0009341537952423096,0.005241827107965946,0.009660780429840088,0.0,0.998044490814209,0.998455286026001
awgn,circular_refined,6.0,0.35,0.0030944347381591797,0.004721194040030241,0.007820851169526577,0.0,0.998044490814209,0.998455286026001
awgn,circular_sign_wls,6.0,0.35,0.0030944347381591797,0.004721192643046379,0.00782080926001072,0.0,0.998044490814209,0.998455286026001
awgn,kasai,6.0,0.8,0.015658438205718994,0.02417684532701969,0.03987979143857956,0.0,0.9996315240859985,0.9997214078903198
awgn,wls_origin,6.0,0.8,0.003309905529022217,0.004998158663511276,0.007980299182236195,0.0,0.9996315240859985,0.9997214078903198
awgn,wls_free,6.0,0.8,0.005226433277130127,0.008371854200959206,0.014040404930710793,0.0,0.9996315240859985,0.9997214078903198
awgn,huber_wls,6.0,0.8,0.003309905529022217,0.004998158663511276,0.007980299182236195,0.0,0.9996315240859985,0.9997214078903198
awgn,leave_one_out,6.0,0.8,0.0036030709743499756,0.005450492259114981,0.00892524141818285,0.0,0.9996315240859985,0.9997214078903198
awgn,circular_grid,6.0,0.8,0.0028514263685792685,0.005668771918863058,0.005875229835510254,0.0,0.9996315240859985,0.9997214078903198
awgn,circular_refined,6.0,0.8,0.00330999493598938,0.0049981665797531605,0.007980281487107277,0.0,0.9996315240859985,0.9997214078903198
awgn,circular_sign_wls,6.0,0.8,0.003309905529022217,0.004998158663511276,0.007980299182236195,0.0,0.9996315240859985,0.9997214078903198
awgn,kasai,6.0,1.35,0.015308856964111328,0.023561593145132065,0.03945900499820709,0.0,0.9998753666877747,0.9999046325683594
awgn,wls_origin,6.0,1.35,0.003248155117034912,0.004800375085324049,0.007915258407592773,0.0,0.9998753666877747,0.9999046325683594
awgn,wls_free,6.0,1.35,0.005304276943206787,0.008063278160989285,0.013435924425721169,0.0,0.9998753666877747,0.9999046325683594
awgn,huber_wls,6.0,1.35,0.003248155117034912,0.004800375085324049,0.007915258407592773,0.0,0.9998753666877747,0.9999046325683594
awgn,leave_one_out,6.0,1.35,0.003443777561187744,0.0051781050860881805,0.00826885737478733,0.0,0.9998753666877747,0.9999046325683594
awgn,circular_grid,6.0,1.35,0.0026301145553588867,0.005457144696265459,0.006096482276916504,0.0,0.9998753666877747,0.9999046325683594
awgn,circular_refined,6.0,1.35,0.003248274326324463,0.004800376947969198,0.007915186695754528,0.0,0.9998753666877747,0.9999046325683594
awgn,circular_sign_wls,6.0,1.35,0.003248155117034912,0.004800375085324049,0.007915258407592773,0.0,0.9998753666877747,0.9999046325683594
awgn,kasai,12.0,0.35,0.004540085792541504,0.006791976746171713,0.011266076937317848,0.0,0.9998575448989868,0.9998875856399536
awgn,wls_origin,12.0,0.35,0.001385703682899475,0.0021358036901801825,0.0034886659123003483,0.0,0.9998575448989868,0.9998875856399536
awgn,wls_free,12.0,0.35,0.001972511410713196,0.002880972810089588,0.004740101285278797,0.0,0.9998575448989868,0.9998875856399536
awgn,huber_wls,12.0,0.35,0.001385703682899475,0.0021358036901801825,0.0034886659123003483,0.0,0.9998575448989868,0.9998875856399536
awgn,leave_one_out,12.0,0.35,0.0014147162437438965,0.002208770951256156,0.0036652833223342896,0.0,0.9998575448989868,0.9998875856399536
awgn,circular_grid,12.0,0.35,0.0009341537952423096,0.0022983509115874767,0.0009341537952423096,0.0,0.9998575448989868,0.9998875856399536
awgn,circular_refined,12.0,0.35,0.0013856887817382812,0.0021358036901801825,0.0034886181820183992,0.0,0.9998575448989868,0.9998875856399536
awgn,circular_sign_wls,12.0,0.35,0.001385703682899475,0.0021358036901801825,0.0034886659123003483,0.0,0.9998575448989868,0.9998875856399536
awgn,kasai,12.0,0.8,0.004428684711456299,0.006750968750566244,0.011287582106888294,0.0,0.9999729990959167,0.9999785423278809
awgn,wls_origin,12.0,0.8,0.0014683305053040385,0.0021502168383449316,0.0034845531918108463,0.0,0.9999729990959167,0.9999785423278809
awgn,wls_free,12.0,0.8,0.001903653028421104,0.0027751170564442873,0.004614037461578846,0.0,0.9999729990959167,0.9999785423278809
awgn,huber_wls,12.0,0.8,0.0014683305053040385,0.0021502168383449316,0.0034845531918108463,0.0,0.9999729990959167,0.9999785423278809
awgn,leave_one_out,12.0,0.8,0.0015210211277008057,0.002216179622337222,0.003609269857406616,0.0,0.9999729990959167,0.9999785423278809
awgn,circular_grid,12.0,0.8,0.0028514263685792685,0.0038443587254732847,0.005875229835510254,0.0,0.9999729990959167,0.9999785423278809
awgn,circular_refined,12.0,0.8,0.0014683305053040385,0.002150226617231965,0.0034845531918108463,0.0,0.9999729990959167,0.9999785423278809
awgn,circular_sign_wls,12.0,0.8,0.0014683305053040385,0.0021502168383449316,0.0034845531918108463,0.0,0.9999729990959167,0.9999785423278809
awgn,kasai,12.0,1.35,0.0049166083335876465,0.007035754155367613,0.01143571175634861,0.0,0.9999901056289673,0.999991774559021
awgn,wls_origin,12.0,1.35,0.0014746187953278422,0.002101100282743573,0.0034206509590148926,0.0,0.9999901056289673,0.999991774559021
awgn,wls_free,12.0,1.35,0.0019299983978271484,0.0028895309660583735,0.004778063390403986,0.0,0.9999901056289673,0.999991774559021
awgn,huber_wls,12.0,1.35,0.0014746187953278422,0.002101100282743573,0.0034206509590148926,0.0,0.9999901056289673,0.999991774559021
awgn,leave_one_out,12.0,1.35,0.0014860033988952637,0.00219902116805315,0.003654956817626953,0.0,0.9999901056289673,0.999991774559021
awgn,circular_grid,12.0,1.35,0.0026301145553588867,0.003581288270652294,0.006096482276916504,0.0,0.9999901056289673,0.999991774559021
awgn,circular_refined,12.0,1.35,0.0014746187953278422,0.0021010988857597113,0.003420567372813821,0.0,0.9999901056289673,0.999991774559021
awgn,circular_sign_wls,12.0,1.35,0.0014746187953278422,0.002101100282743573,0.0034206509590148926,0.0,0.9999901056289673,0.999991774559021
decorrelation,kasai,-12.0,0.35,0.9336050152778625,1.417044997215271,2.485332489013672,0.4208984375,0.33486509323120117,0.2974737584590912
decorrelation,wls_origin,-12.0,0.35,0.23016990721225739,0.7378761768341064,1.405301570892334,0.2939453125,0.33486509323120117,0.2974737584590912
decorrelation,wls_free,-12.0,0.35,0.3923161029815674,0.8373846411705017,1.494081974029541,0.3779296875,0.33486509323120117,0.2974737584590912
decorrelation,huber_wls,-12.0,0.35,0.2195812165737152,0.7435970306396484,1.395077109336853,0.296875,0.33486509323120117,0.2974737584590912
decorrelation,leave_one_out,-12.0,0.35,0.23718036711215973,0.7497468590736389,1.3989481925964355,0.296875,0.33486509323120117,0.2974737584590912
decorrelation,circular_grid,-12.0,0.35,0.5837510824203491,1.4679204225540161,2.6620006561279297,0.3076171875,0.33486509323120117,0.2974737584590912
decorrelation,circular_refined,-12.0,0.35,0.5784739255905151,1.467002272605896,2.661931037902832,0.30859375,0.33486509323120117,0.2974737584590912
decorrelation,circular_sign_wls,-12.0,0.35,0.2511714696884155,0.7285140156745911,1.3686614036560059,0.3076171875,0.33486509323120117,0.2974737584590912
decorrelation,kasai,-12.0,0.8,0.8898805379867554,1.3933286666870117,2.5116922855377197,0.310546875,0.463505357503891,0.5147759914398193
decorrelation,wls_origin,-12.0,0.8,0.2694561183452606,0.9540824890136719,1.6898785829544067,0.2998046875,0.463505357503891,0.5147759914398193
decorrelation,wls_free,-12.0,0.8,0.4491082429885864,1.0202964544296265,1.7820343971252441,0.318359375,0.463505357503891,0.5147759914398193
decorrelation,huber_wls,-12.0,0.8,0.26145508885383606,0.9628199338912964,1.730528712272644,0.2998046875,0.463505357503891,0.5147759914398193
decorrelation,leave_one_out,-12.0,0.8,0.27306175231933594,0.9636887311935425,1.7212284803390503,0.3046875,0.463505357503891,0.5147759914398193
decorrelation,circular_grid,-12.0,0.8,0.5366887450218201,1.4598188400268555,2.658775568008423,0.3212890625,0.463505357503891,0.5147759914398193
decorrelation,circular_refined,-12.0,0.8,0.5337613821029663,1.4619688987731934,2.666443347930908,0.3212890625,0.463505357503891,0.5147759914398193
decorrelation,circular_sign_wls,-12.0,0.8,0.2954639196395874,0.9755646586418152,1.7194443941116333,0.3212890625,0.463505357503891,0.5147759914398193
decorrelation,kasai,-12.0,1.35,0.814294695854187,1.3697338104248047,2.4602813720703125,0.271484375,0.4359440207481384,0.4032856822013855
decorrelation,wls_origin,-12.0,1.35,0.8596866130828857,1.27082359790802,2.090747356414795,0.34765625,0.4359440207481384,0.4032856822013855
decorrelation,wls_free,-12.0,1.35,0.8933743238449097,1.333862066268921,2.2528367042541504,0.357421875,0.4359440207481384,0.4032856822013855
decorrelation,huber_wls,-12.0,1.35,0.8861103057861328,1.2798936367034912,2.149961471557617,0.333984375,0.4359440207481384,0.4032856822013855
decorrelation,leave_one_out,-12.0,1.35,0.8838399052619934,1.2801377773284912,2.1501708030700684,0.333984375,0.4359440207481384,0.4032856822013855
decorrelation,circular_grid,-12.0,1.35,0.5759586095809937,1.3994414806365967,2.5928659439086914,0.296875,0.4359440207481384,0.4032856822013855
decorrelation,circular_refined,-12.0,1.35,0.5796693563461304,1.3997503519058228,2.6009089946746826,0.296875,0.4359440207481384,0.4032856822013855
decorrelation,circular_sign_wls,-12.0,1.35,0.8792212605476379,1.2801002264022827,2.2278382778167725,0.296875,0.4359440207481384,0.4032856822013855
decorrelation,kasai,-6.0,0.35,0.23907819390296936,0.5572221279144287,0.7830509543418884,0.16796875,0.6230528950691223,0.7220159769058228
decorrelation,wls_origin,-6.0,0.35,0.04173138737678528,0.20988790690898895,0.133391872048378,0.0205078125,0.6230528950691223,0.7220159769058228
decorrelation,wls_free,-6.0,0.35,0.09235619008541107,0.27406999468803406,0.27139443159103394,0.0361328125,0.6230528950691223,0.7220159769058228
decorrelation,huber_wls,-6.0,0.35,0.04194726049900055,0.20178362727165222,0.13377045094966888,0.0185546875,0.6230528950691223,0.7220159769058228
decorrelation,leave_one_out,-6.0,0.35,0.04617558419704437,0.20569154620170593,0.15210160613059998,0.0185546875,0.6230528950691223,0.7220159769058228
decorrelation,circular_grid,-6.0,0.35,0.04269909858703613,0.37375423312187195,0.1386922150850296,0.0185546875,0.6230528950691223,0.7220159769058228
decorrelation,circular_refined,-6.0,0.35,0.04173135757446289,0.3733699321746826,0.13482388854026794,0.01953125,0.6230528950691223,0.7220159769058228
decorrelation,circular_sign_wls,-6.0,0.35,0.04234987497329712,0.1870444416999817,0.13739842176437378,0.0185546875,0.6230528950691223,0.7220159769058228
decorrelation,kasai,-6.0,0.8,0.25136086344718933,0.5766797661781311,0.8270877599716187,0.0556640625,0.8442549109458923,0.9258817434310913
decorrelation,wls_origin,-6.0,0.8,0.047034621238708496,0.30064257979393005,0.13523608446121216,0.0283203125,0.8442549109458923,0.9258817434310913
decorrelation,wls_free,-6.0,0.8,0.08673593401908875,0.31129756569862366,0.2923218309879303,0.02734375,0.8442549109458923,0.9258817434310913
decorrelation,huber_wls,-6.0,0.8,0.04627460241317749,0.299678772687912,0.1357211172580719,0.0302734375,0.8442549109458923,0.9258817434310913
decorrelation,leave_one_out,-6.0,0.8,0.050410568714141846,0.30374613404273987,0.1489873230457306,0.0302734375,0.8442549109458923,0.9258817434310913
decorrelation,circular_grid,-6.0,0.8,0.04648464918136597,0.3890804052352905,0.13204027712345123,0.0205078125,0.8442549109458923,0.9258817434310913
decorrelation,circular_refined,-6.0,0.8,0.047201454639434814,0.3896797299385071,0.1333589404821396,0.0205078125,0.8442549109458923,0.9258817434310913
decorrelation,circular_sign_wls,-6.0,0.8,0.04769781231880188,0.25587600469589233,0.133358895778656,0.0205078125,0.8442549109458923,0.9258817434310913
decorrelation,kasai,-6.0,1.35,0.24505943059921265,0.5197100639343262,0.7472039461135864,0.0166015625,0.9039101600646973,0.9736617803573608
decorrelation,wls_origin,-6.0,1.35,0.045036137104034424,0.3699575364589691,0.16476471722126007,0.0302734375,0.9039101600646973,0.9736617803573608
decorrelation,wls_free,-6.0,1.35,0.09394210577011108,0.4295625686645508,0.3045610189437866,0.0380859375,0.9039101600646973,0.9736617803573608
decorrelation,huber_wls,-6.0,1.35,0.04577302932739258,0.36587420105934143,0.15674346685409546,0.03125,0.9039101600646973,0.9736617803573608
decorrelation,leave_one_out,-6.0,1.35,0.05375337600708008,0.36738091707229614,0.16384479403495789,0.0283203125,0.9039101600646973,0.9736617803573608
decorrelation,circular_grid,-6.0,1.35,0.04626334086060524,0.2952062487602234,0.1319517195224762,0.0126953125,0.9039101600646973,0.9736617803573608
decorrelation,circular_refined,-6.0,1.35,0.04369443655014038,0.29497230052948,0.13189996778964996,0.0126953125,0.9039101600646973,0.9736617803573608
decorrelation,circular_sign_wls,-6.0,1.35,0.045036137104034424,0.3484131395816803,0.1655508130788803,0.0126953125,0.9039101600646973,0.9736617803573608
decorrelation,kasai,0.0,0.35,0.06370115280151367,0.10272804647684097,0.16808882355690002,0.0009765625,0.9648992419242859,0.976203441619873
decorrelation,wls_origin,0.0,0.35,0.02040703594684601,0.030101731419563293,0.04941076785326004,0.0,0.9648992419242859,0.976203441619873
decorrelation,wls_free,0.0,0.35,0.027486205101013184,0.041503336280584335,0.06829268485307693,0.0,0.9648992419242859,0.976203441619873
decorrelation,huber_wls,0.0,0.35,0.02040703594684601,0.030101731419563293,0.04941076785326004,0.0,0.9648992419242859,0.976203441619873
decorrelation,leave_one_out,0.0,0.35,0.022072091698646545,0.03108852542936802,0.05015914887189865,0.0,0.9648992419242859,0.976203441619873
decorrelation,circular_grid,0.0,0.35,0.018387436866760254,0.030234556645154953,0.05142572522163391,0.0,0.9648992419242859,0.976203441619873
decorrelation,circular_refined,0.0,0.35,0.02040703594684601,0.030101733282208443,0.04941076785326004,0.0,0.9648992419242859,0.976203441619873
decorrelation,circular_sign_wls,0.0,0.35,0.02040703594684601,0.030101731419563293,0.04941076785326004,0.0,0.9648992419242859,0.976203441619873
decorrelation,kasai,0.0,0.8,0.06799101829528809,0.10094568878412247,0.16478310525417328,0.0,0.9931792616844177,0.995161235332489
decorrelation,wls_origin,0.0,0.8,0.019667714834213257,0.029238522052764893,0.048958223313093185,0.0,0.9931792616844177,0.995161235332489
decorrelation,wls_free,0.0,0.8,0.02736639976501465,0.04179884120821953,0.06780850142240524,0.0,0.9931792616844177,0.995161235332489
decorrelation,huber_wls,0.0,0.8,0.019667714834213257,0.029238522052764893,0.048958223313093185,0.0,0.9931792616844177,0.995161235332489
decorrelation,leave_one_out,0.0,0.8,0.02114015817642212,0.030363041907548904,0.049715496599674225,0.0,0.9931792616844177,0.995161235332489
decorrelation,circular_grid,0.0,0.8,0.020304739475250244,0.029211606830358505,0.04950845241546631,0.0,0.9931792616844177,0.995161235332489
decorrelation,circular_refined,0.0,0.8,0.01966765522956848,0.029238535091280937,0.0489581897854805,0.0,0.9931792616844177,0.995161235332489
decorrelation,circular_sign_wls,0.0,0.8,0.019667714834213257,0.029238522052764893,0.048958223313093185,0.0,0.9931792616844177,0.995161235332489
decorrelation,kasai,0.0,1.35,0.06406360864639282,0.10551802814006805,0.17248472571372986,0.0,0.9975225925445557,0.9981759190559387
decorrelation,wls_origin,0.0,1.35,0.019050657749176025,0.029062727466225624,0.04874296113848686,0.0,0.9975225925445557,0.9981759190559387
decorrelation,wls_free,0.0,1.35,0.0271187424659729,0.042126454412937164,0.07028625905513763,0.0,0.9975225925445557,0.9981759190559387
decorrelation,huber_wls,0.0,1.35,0.019050657749176025,0.029062727466225624,0.04874296113848686,0.0,0.9975225925445557,0.9981759190559387
decorrelation,leave_one_out,0.0,1.35,0.01932138204574585,0.030637498944997787,0.05079236254096031,0.0,0.9975225925445557,0.9981759190559387
decorrelation,circular_grid,0.0,1.35,0.02008342742919922,0.029212145134806633,0.04972970113158226,0.0,0.9975225925445557,0.9981759190559387
decorrelation,circular_refined,0.0,1.35,0.019050657749176025,0.029062733054161072,0.048742879182100296,0.0,0.9975225925445557,0.9981759190559387
decorrelation,circular_sign_wls,0.0,1.35,0.019050657749176025,0.029062727466225624,0.04874296113848686,0.0,0.9975225925445557,0.9981759190559387
decorrelation,kasai,6.0,0.35,0.022848591208457947,0.03486363962292671,0.058982741087675095,0.0,0.997533917427063,0.9981338381767273
decorrelation,wls_origin,6.0,0.35,0.016201689839363098,0.024550262838602066,0.041201431304216385,0.0,0.997533917427063,0.9981338381767273
decorrelation,wls_free,6.0,0.35,0.017172381281852722,0.026036743074655533,0.043069418519735336,0.0,0.997533917427063,0.9981338381767273
decorrelation,huber_wls,6.0,0.35,0.016201689839363098,0.024550262838602066,0.041201431304216385,0.0,0.997533917427063,0.9981338381767273
decorrelation,leave_one_out,6.0,0.35,0.01656438410282135,0.0245848149061203,0.04063381999731064,0.0,0.997533917427063,0.9981338381767273
decorrelation,circular_grid,6.0,0.35,0.016519159078598022,0.024601900950074196,0.04269909858703613,0.0,0.997533917427063,0.9981338381767273
decorrelation,circular_refined,6.0,0.35,0.016201674938201904,0.024550262838602066,0.04120142012834549,0.0,0.997533917427063,0.9981338381767273
decorrelation,circular_sign_wls,6.0,0.35,0.016201689839363098,0.024550262838602066,0.041201431304216385,0.0,0.997533917427063,0.9981338381767273
decorrelation,kasai,6.0,0.8,0.023991703987121582,0.03616848587989807,0.059247974306344986,0.0,0.9994953870773315,0.9996143579483032
decorrelation,wls_origin,6.0,0.8,0.016132056713104248,0.023782789707183838,0.03901519626379013,0.0,0.9994953870773315,0.9996143579483032
decorrelation,wls_free,6.0,0.8,0.01685193181037903,0.02524617686867714,0.04158927500247955,0.0,0.9994953870773315,0.9996143579483032
decorrelation,huber_wls,6.0,0.8,0.016132056713104248,0.023782789707183838,0.03901519626379013,0.0,0.9994953870773315,0.9996143579483032
decorrelation,leave_one_out,6.0,0.8,0.016560852527618408,0.024025224149227142,0.03889269754290581,0.0,0.9994953870773315,0.9996143579483032
decorrelation,circular_grid,6.0,0.8,0.01460182759910822,0.02392137050628662,0.04078179970383644,0.0,0.9994953870773315,0.9996143579483032
decorrelation,circular_refined,6.0,0.8,0.016131997108459473,0.023782793432474136,0.03901519626379013,0.0,0.9994953870773315,0.9996143579483032
decorrelation,circular_sign_wls,6.0,0.8,0.016132056713104248,0.023782789707183838,0.03901519626379013,0.0,0.9994953870773315,0.9996143579483032
decorrelation,kasai,6.0,1.35,0.024285495281219482,0.036235082894563675,0.06037997081875801,0.0,0.9998357892036438,0.9998694658279419
decorrelation,wls_origin,6.0,1.35,0.015462756156921387,0.024495860561728477,0.041132427752017975,0.0,0.9998357892036438,0.9998694658279419
decorrelation,wls_free,6.0,1.35,0.01668792963027954,0.025800425559282303,0.04237021133303642,0.0,0.9998357892036438,0.9998694658279419
decorrelation,huber_wls,6.0,1.35,0.015462756156921387,0.024495860561728477,0.041132427752017975,0.0,0.9998357892036438,0.9998694658279419
decorrelation,leave_one_out,6.0,1.35,0.015707850456237793,0.02461424469947815,0.04142725467681885,0.0,0.9998357892036438,0.9998694658279419
decorrelation,circular_grid,6.0,1.35,0.014823198318481445,0.024620387703180313,0.04100310802459717,0.0,0.9998357892036438,0.9998694658279419
decorrelation,circular_refined,6.0,1.35,0.015462875366210938,0.024495869874954224,0.04113246127963066,0.0,0.9998357892036438,0.9998694658279419
decorrelation,circular_sign_wls,6.0,1.35,0.015462756156921387,0.024495860561728477,0.041132427752017975,0.0,0.9998357892036438,0.9998694658279419
decorrelation,kasai,12.0,0.35,0.01694105565547943,0.024130506440997124,0.038848139345645905,0.0,0.9996877908706665,0.999765157699585
decorrelation,wls_origin,12.0,0.35,0.015678241848945618,0.023085633292794228,0.038318321108818054,0.0,0.9996877908706665,0.999765157699585
decorrelation,wls_free,12.0,0.35,0.015810206532478333,0.02372104302048683,0.03969630226492882,0.0,0.9996877908706665,0.999765157699585
decorrelation,huber_wls,12.0,0.35,0.015678241848945618,0.023085633292794228,0.038318321108818054,0.0,0.9996877908706665,0.999765157699585
decorrelation,leave_one_out,12.0,0.35,0.01575164496898651,0.023086506873369217,0.03805425018072128,0.0,0.9996877908706665,0.999765157699585
decorrelation,circular_grid,12.0,0.35,0.016519159078598022,0.023331083357334137,0.0358407162129879,0.0,0.9996877908706665,0.999765157699585
decorrelation,circular_refined,12.0,0.35,0.015678241848945618,0.023085633292794228,0.03831828758120537,0.0,0.9996877908706665,0.999765157699585
decorrelation,circular_sign_wls,12.0,0.35,0.015678241848945618,0.023085633292794228,0.038318321108818054,0.0,0.9996877908706665,0.999765157699585
decorrelation,kasai,12.0,0.8,0.016585052013397217,0.024893436580896378,0.04055551812052727,0.0,0.9999405145645142,0.9999552369117737
decorrelation,wls_origin,12.0,0.8,0.016410410404205322,0.023860402405261993,0.03824717551469803,0.0,0.9999405145645142,0.9999552369117737
decorrelation,wls_free,12.0,0.8,0.015929043292999268,0.024453885853290558,0.03888566046953201,0.0,0.9999405145645142,0.9999552369117737
decorrelation,huber_wls,12.0,0.8,0.016410410404205322,0.023860402405261993,0.03824717551469803,0.0,0.9999405145645142,0.9999552369117737
decorrelation,leave_one_out,12.0,0.8,0.016259461641311646,0.02387174777686596,0.03831545636057854,0.0,0.9999405145645142,0.9999552369117737
decorrelation,circular_grid,12.0,0.8,0.01460182759910822,0.024007894098758698,0.03987467661499977,0.0,0.9999405145645142,0.9999552369117737
decorrelation,circular_refined,12.0,0.8,0.016410410404205322,0.023860404267907143,0.03824717551469803,0.0,0.9999405145645142,0.9999552369117737
decorrelation,circular_sign_wls,12.0,0.8,0.016410410404205322,0.023860402405261993,0.03824717551469803,0.0,0.9999405145645142,0.9999552369117737
decorrelation,kasai,12.0,1.35,0.01676839590072632,0.02482287958264351,0.04020826891064644,0.0,0.999979555606842,0.9999850988388062
decorrelation,wls_origin,12.0,1.35,0.015994369983673096,0.02364818938076496,0.03883993625640869,0.0,0.999979555606842,0.9999850988388062
decorrelation,wls_free,12.0,1.35,0.016185402870178223,0.02418489381670952,0.03906942531466484,0.0,0.999979555606842,0.9999850988388062
decorrelation,huber_wls,12.0,1.35,0.015994369983673096,0.02364818938076496,0.03883993625640869,0.0,0.999979555606842,0.9999850988388062
decorrelation,leave_one_out,12.0,1.35,0.01611912250518799,0.023648962378501892,0.03819003328680992,0.0,0.999979555606842,0.9999850988388062
decorrelation,circular_grid,12.0,1.35,0.014823198318481445,0.02386545017361641,0.03753674030303955,0.0,0.999979555606842,0.9999850988388062
decorrelation,circular_refined,12.0,1.35,0.015994608402252197,0.023648198693990707,0.03883993625640869,0.0,0.999979555606842,0.9999850988388062
decorrelation,circular_sign_wls,12.0,1.35,0.015994369983673096,0.02364818938076496,0.03883993625640869,0.0,0.999979555606842,0.9999850988388062
lag_outlier,kasai,-12.0,0.35,0.8104714751243591,1.3714141845703125,2.50573992729187,0.392578125,0.34979555010795593,0.3062748610973358
lag_outlier,wls_origin,-12.0,0.35,0.23374712467193604,0.7510215044021606,1.4211301803588867,0.28125,0.34979555010795593,0.3062748610973358
lag_outlier,wls_free,-12.0,0.35,0.39900654554367065,0.8509394526481628,1.5030137300491333,0.3515625,0.34979555010795593,0.3062748610973358
lag_outlier,huber_wls,-12.0,0.35,0.22154724597930908,0.7633088827133179,1.404539942741394,0.2861328125,0.34979555010795593,0.3062748610973358
lag_outlier,leave_one_out,-12.0,0.35,0.23479652404785156,0.7656514048576355,1.4056057929992676,0.28125,0.34979555010795593,0.3062748610973358
lag_outlier,circular_grid,-12.0,0.35,0.5148720741271973,1.4180985689163208,2.5908799171447754,0.2841796875,0.34979555010795593,0.3062748610973358
lag_outlier,circular_refined,-12.0,0.35,0.4908084571361542,1.4171632528305054,2.600191116333008,0.28515625,0.34979555010795593,0.3062748610973358
lag_outlier,circular_sign_wls,-12.0,0.35,0.2680015563964844,0.7307676076889038,1.33961021900177,0.2841796875,0.34979555010795593,0.3062748610973358
lag_outlier,kasai,-12.0,0.8,0.9387423396110535,1.414549708366394,2.5443501472473145,0.361328125,0.4205562472343445,0.43462276458740234
lag_outlier,wls_origin,-12.0,0.8,0.33197712898254395,0.9889441728591919,1.716697096824646,0.3505859375,0.4205562472343445,0.43462276458740234
lag_outlier,wls_free,-12.0,0.8,0.5487911701202393,1.0639303922653198,1.8518269062042236,0.3798828125,0.4205562472343445,0.43462276458740234
lag_outlier,huber_wls,-12.0,0.8,0.3057193458080292,0.9970472455024719,1.7328035831451416,0.3515625,0.4205562472343445,0.43462276458740234
lag_outlier,leave_one_out,-12.0,0.8,0.3108742833137512,0.9963681697845459,1.7096054553985596,0.3564453125,0.4205562472343445,0.43462276458740234
lag_outlier,circular_grid,-12.0,0.8,0.6065019369125366,1.4487135410308838,2.6675024032592773,0.322265625,0.4205562472343445,0.43462276458740234
lag_outlier,circular_refined,-12.0,0.8,0.6087282299995422,1.4490867853164673,2.665599822998047,0.3232421875,0.4205562472343445,0.43462276458740234
lag_outlier,circular_sign_wls,-12.0,0.8,0.32995787262916565,0.9697493314743042,1.6899794340133667,0.322265625,0.4205562472343445,0.43462276458740234
lag_outlier,kasai,-12.0,1.35,0.8714603781700134,1.3618537187576294,2.4463393688201904,0.26953125,0.44019079208374023,0.40969017148017883
lag_outlier,wls_origin,-12.0,1.35,0.8648436069488525,1.2897498607635498,2.152848958969116,0.3544921875,0.44019079208374023,0.40969017148017883
lag_outlier,wls_free,-12.0,1.35,0.9053398370742798,1.377313256263733,2.3144257068634033,0.3701171875,0.44019079208374023,0.40969017148017883
lag_outlier,huber_wls,-12.0,1.35,0.871740460395813,1.2921205759048462,2.1501693725585938,0.357421875,0.44019079208374023,0.40969017148017883
lag_outlier,leave_one_out,-12.0,1.35,0.8524924516677856,1.2916134595870972,2.1494550704956055,0.361328125,0.44019079208374023,0.40969017148017883
lag_outlier,circular_grid,-12.0,1.35,0.3900689482688904,1.3523989915847778,2.52305269241333,0.283203125,0.44019079208374023,0.40969017148017883
lag_outlier,circular_refined,-12.0,1.35,0.3781561553478241,1.352518081665039,2.5257081985473633,0.283203125,0.44019079208374023,0.40969017148017883
lag_outlier,circular_sign_wls,-12.0,1.35,0.8093585968017578,1.2336797714233398,2.133981227874756,0.283203125,0.44019079208374023,0.40969017148017883
lag_outlier,kasai,-6.0,0.35,0.23788562417030334,0.48574280738830566,0.7134532332420349,0.1689453125,0.5750047564506531,0.6854722499847412
lag_outlier,wls_origin,-6.0,0.35,0.041349902749061584,0.16358232498168945,0.13861358165740967,0.0185546875,0.5750047564506531,0.6854722499847412
lag_outlier,wls_free,-6.0,0.35,0.09479813277721405,0.25831788778305054,0.3096931576728821,0.0556640625,0.5750047564506531,0.6854722499847412
lag_outlier,huber_wls,-6.0,0.35,0.03958888351917267,0.1617884784936905,0.1268661916255951,0.0146484375,0.5750047564506531,0.6854722499847412
lag_outlier,leave_one_out,-6.0,0.35,0.04462131857872009,0.1632358580827713,0.1375993937253952,0.0185546875,0.5750047564506531,0.6854722499847412
lag_outlier,circular_grid,-6.0,0.35,0.04269909858703613,0.3257984220981598,0.13183383643627167,0.0166015625,0.5750047564506531,0.6854722499847412
lag_outlier,circular_refined,-6.0,0.35,0.0420021116733551,0.32517388463020325,0.14584819972515106,0.017578125,0.5750047564506531,0.6854722499847412
lag_outlier,circular_sign_wls,-6.0,0.35,0.04160034656524658,0.14895202219486237,0.1421254724264145,0.0166015625,0.5750047564506531,0.6854722499847412
lag_outlier,kasai,-6.0,0.8,0.25544703006744385,0.5296288132667542,0.8196138739585876,0.0478515625,0.8067896962165833,0.9120655059814453
lag_outlier,wls_origin,-6.0,0.8,0.043969184160232544,0.2798350155353546,0.1510908603668213,0.0322265625,0.8067896962165833,0.9120655059814453
lag_outlier,wls_free,-6.0,0.8,0.09295126795768738,0.3272921144962311,0.36716407537460327,0.03125,0.8067896962165833,0.9120655059814453
lag_outlier,huber_wls,-6.0,0.8,0.04151046276092529,0.27997419238090515,0.13159742951393127,0.03125,0.8067896962165833,0.9120655059814453
lag_outlier,leave_one_out,-6.0,0.8,0.045790135860443115,0.28150683641433716,0.14611274003982544,0.0302734375,0.8067896962165833,0.9120655059814453
lag_outlier,circular_grid,-6.0,0.8,0.04078179970383644,0.3218804895877838,0.12804824113845825,0.0146484375,0.8067896962165833,0.9120655059814453
lag_outlier,circular_refined,-6.0,0.8,0.043078839778900146,0.32404541969299316,0.1421714574098587,0.0146484375,0.8067896962165833,0.9120655059814453
lag_outlier,circular_sign_wls,-6.0,0.8,0.04399040341377258,0.20801475644111633,0.1495486944913864,0.0146484375,0.8067896962165833,0.9120655059814453
lag_outlier,kasai,-6.0,1.35,0.2517778277397156,0.5383203625679016,0.7909529805183411,0.025390625,0.864703893661499,0.9678041934967041
lag_outlier,wls_origin,-6.0,1.35,0.04513382911682129,0.3955971598625183,0.18917562067508698,0.0400390625,0.864703893661499,0.9678041934967041
lag_outlier,wls_free,-6.0,1.35,0.0956869125366211,0.44541826844215393,0.4135013520717621,0.0380859375,0.864703893661499,0.9678041934967041
lag_outlier,huber_wls,-6.0,1.35,0.0415075421333313,0.3874167799949646,0.1511710286140442,0.0380859375,0.864703893661499,0.9678041934967041
lag_outlier,leave_one_out,-6.0,1.35,0.043109893798828125,0.3848722577095032,0.16325311362743378,0.037109375,0.864703893661499,0.9678041934967041
lag_outlier,circular_grid,-6.0,1.35,0.03753674030303955,0.32955288887023926,0.11850304901599884,0.013671875,0.864703893661499,0.9678041934967041
lag_outlier,circular_refined,-6.0,1.35,0.04198312759399414,0.3302498459815979,0.13100270926952362,0.013671875,0.864703893661499,0.9678041934967041
lag_outlier,circular_sign_wls,-6.0,1.35,0.04513382911682129,0.3517182469367981,0.18977059423923492,0.013671875,0.864703893661499,0.9678041934967041
lag_outlier,kasai,0.0,0.35,0.061330512166023254,0.09473534673452377,0.15415170788764954,0.0029296875,0.8675590753555298,0.9722787141799927
lag_outlier,wls_origin,0.0,0.35,0.013568505644798279,0.03543280065059662,0.06375658512115479,0.0,0.8675590753555298,0.9722787141799927
lag_outlier,wls_free,0.0,0.35,0.027053669095039368,0.08918271958827972,0.16355539858341217,0.00390625,0.8675590753555298,0.9722787141799927
lag_outlier,huber_wls,0.0,0.35,0.013156697154045105,0.02092827297747135,0.03395030274987221,0.0,0.8675590753555298,0.9722787141799927
lag_outlier,leave_one_out,0.0,0.35,0.011484995484352112,0.017575088888406754,0.02879629097878933,0.0,0.8675590753555298,0.9722787141799927
lag_outlier,circular_grid,0.0,0.35,0.009660780429840088,0.022399619221687317,0.0358407162129879,0.0,0.8675590753555298,0.9722787141799927
lag_outlier,circular_refined,0.0,0.35,0.013568535447120667,0.034601155668497086,0.0631813034415245,0.0,0.8675590753555298,0.9722787141799927
lag_outlier,circular_sign_wls,0.0,0.35,0.013568505644798279,0.03543280065059662,0.06375658512115479,0.0,0.8675590753555298,0.9722787141799927
lag_outlier,kasai,0.0,0.8,0.05934208631515503,0.09287767112255096,0.1486683487892151,0.0,0.9410627484321594,0.9938110709190369
lag_outlier,wls_origin,0.0,0.8,0.012622147798538208,0.03797762095928192,0.06534887105226517,0.0,0.9410627484321594,0.9938110709190369
lag_outlier,wls_free,0.0,0.8,0.02715364098548889,0.09557362645864487,0.17498339712619781,0.0,0.9410627484321594,0.9938110709190369
lag_outlier,huber_wls,0.0,0.8,0.012088119983673096,0.021820757538080215,0.037037186324596405,0.0,0.9410627484321594,0.9938110709190369
lag_outlier,leave_one_out,0.0,0.8,0.012211591005325317,0.01909104362130165,0.03174456208944321,0.0,0.9410627484321594,0.9938110709190369
lag_outlier,circular_grid,0.0,0.8,0.011578082107007504,0.022692175582051277,0.037758052349090576,0.0,0.9410627484321594,0.9938110709190369
lag_outlier,circular_refined,0.0,0.8,0.012622147798538208,0.03511522710323334,0.06433655321598053,0.0,0.9410627484321594,0.9938110709190369
lag_outlier,circular_sign_wls,0.0,0.8,0.012622147798538208,0.03797762095928192,0.06534887105226517,0.0,0.9410627484321594,0.9938110709190369
lag_outlier,kasai,0.0,1.35,0.06271237134933472,0.09747578203678131,0.1592501699924469,0.0,0.9697197079658508,0.9979392290115356
lag_outlier,wls_origin,0.0,1.35,0.013541221618652344,0.04249431565403938,0.07161249965429306,0.0,0.9697197079658508,0.9979392290115356
lag_outlier,wls_free,0.0,1.35,0.025205612182617188,0.1082114577293396,0.19188722968101501,0.0,0.9697197079658508,0.9979392290115356
lag_outlier,huber_wls,0.0,1.35,0.012792110443115234,0.021645227447152138,0.03487285226583481,0.0,0.9697197079658508,0.9979392290115356
lag_outlier,leave_one_out,0.0,1.35,0.011305630207061768,0.01915808953344822,0.030753517523407936,0.0,0.9697197079658508,0.9979392290115356
lag_outlier,circular_grid,0.0,1.35,0.011356830596923828,0.02287745662033558,0.03753674030303955,0.0,0.9697197079658508,0.9979392290115356
lag_outlier,circular_refined,0.0,1.35,0.013541221618652344,0.03503172844648361,0.06760487705469131,0.0,0.9697197079658508,0.9979392290115356
lag_outlier,circular_sign_wls,0.0,1.35,0.013541221618652344,0.04249431565403938,0.07161249965429306,0.0,0.9697197079658508,0.9979392290115356
lag_outlier,kasai,6.0,0.35,0.01578083634376526,0.024181414395570755,0.03995748236775398,0.0,0.8880175352096558,0.9978910088539124
lag_outlier,wls_origin,6.0,0.35,0.004928901791572571,0.03176049888134003,0.062181420624256134,0.0,0.8880175352096558,0.9978910088539124
lag_outlier,wls_free,6.0,0.35,0.007671624422073364,0.08239885419607162,0.15901148319244385,0.0,0.8880175352096558,0.9978910088539124
lag_outlier,huber_wls,6.0,0.35,0.004928901791572571,0.014597163535654545,0.029287368059158325,0.0,0.8880175352096558,0.9978910088539124
lag_outlier,leave_one_out,6.0,0.35,0.0037348568439483643,0.005886842962354422,0.009662484750151634,0.0,0.8880175352096558,0.9978910088539124
lag_outlier,circular_grid,6.0,0.35,0.0077925026416778564,0.01624574325978756,0.03397244215011597,0.0,0.8880175352096558,0.9978910088539124
lag_outlier,circular_refined,6.0,0.35,0.0049289315938949585,0.030614135786890984,0.062181420624256134,0.0,0.8880175352096558,0.9978910088539124
lag_outlier,circular_sign_wls,6.0,0.35,0.004928901791572571,0.03176049888134003,0.062181420624256134,0.0,0.8880175352096558,0.9978910088539124
lag_outlier,kasai,6.0,0.8,0.015474289655685425,0.0237978994846344,0.03838134929537773,0.0,0.9429652094841003,0.9996024966239929
lag_outlier,wls_origin,6.0,0.8,0.004645198583602905,0.036104682832956314,0.07147829234600067,0.0,0.9429652094841003,0.9996024966239929
lag_outlier,wls_free,6.0,0.8,0.007901668548583984,0.0937906801700592,0.18522503972053528,0.0,0.9429652094841003,0.9996024966239929
lag_outlier,huber_wls,6.0,0.8,0.004645198583602905,0.014746728353202343,0.029736090451478958,0.0,0.9429652094841003,0.9996024966239929
lag_outlier,leave_one_out,6.0,0.8,0.003964036703109741,0.005827229004353285,0.009655183181166649,0.0,0.9429652094841003,0.9996024966239929
lag_outlier,circular_grid,6.0,0.8,0.005875229835510254,0.0163993239402771,0.03205513954162598,0.0,0.9429652094841003,0.9996024966239929
lag_outlier,circular_refined,6.0,0.8,0.004645228385925293,0.03303132206201553,0.0714782327413559,0.0,0.9429652094841003,0.9996024966239929
lag_outlier,circular_sign_wls,6.0,0.8,0.004645198583602905,0.036104682832956314,0.07147829234600067,0.0,0.9429652094841003,0.9996024966239929
lag_outlier,kasai,6.0,1.35,0.014930903911590576,0.023522939532995224,0.039908863604068756,0.0,0.9726306200027466,0.9998687505722046
lag_outlier,wls_origin,6.0,1.35,0.004807591438293457,0.038609668612480164,0.06947338581085205,0.0,0.9726306200027466,0.9998687505722046
lag_outlier,wls_free,6.0,1.35,0.008067727088928223,0.1015007421374321,0.18475869297981262,0.0,0.9726306200027466,0.9998687505722046
lag_outlier,huber_wls,6.0,1.35,0.004807591438293457,0.013841644860804081,0.028331555426120758,0.0,0.9726306200027466,0.9998687505722046
lag_outlier,leave_one_out,6.0,1.35,0.003702700138092041,0.0057390532456338406,0.009407555684447289,0.0,0.9726306200027466,0.9998687505722046
lag_outlier,circular_grid,6.0,1.35,0.006096482276916504,0.015209471806883812,0.03227639198303223,0.0,0.9726306200027466,0.9998687505722046
lag_outlier,circular_refined,6.0,1.35,0.004807651042938232,0.031165769323706627,0.06522229313850403,0.0,0.9726306200027466,0.9998687505722046
lag_outlier,circular_sign_wls,6.0,1.35,0.004807591438293457,0.038609668612480164,0.06947338581085205,0.0,0.9726306200027466,0.9998687505722046
lag_outlier,kasai,12.0,0.35,0.004777774214744568,0.007090538740158081,0.011995464563369751,0.0,0.8988770246505737,0.999846339225769
lag_outlier,wls_origin,12.0,0.35,0.0019634515047073364,0.030468232929706573,0.06266365945339203,0.0,0.8988770246505737,0.999846339225769
lag_outlier,wls_free,12.0,0.35,0.0026678889989852905,0.08019601553678513,0.166748046875,0.0,0.8988770246505737,0.999846339225769
lag_outlier,huber_wls,12.0,0.35,0.0019634515047073364,0.013018780387938023,0.02885095588862896,0.0,0.8988770246505737,0.999846339225769
lag_outlier,leave_one_out,12.0,0.35,0.001478254678659141,0.0022487055975943804,0.0036465346347540617,0.0,0.8988770246505737,0.999846339225769
lag_outlier,circular_grid,12.0,0.35,0.0009341537952423096,0.014826616272330284,0.03397244215011597,0.0,0.8988770246505737,0.999846339225769
lag_outlier,circular_refined,12.0,0.35,0.001963376998901367,0.030120443552732468,0.0626637190580368,0.0,0.8988770246505737,0.999846339225769
lag_outlier,circular_sign_wls,12.0,0.35,0.0019634515047073364,0.030468232929706573,0.06266365945339203,0.0,0.8988770246505737,0.999846339225769
lag_outlier,kasai,12.0,0.8,0.004706740379333496,0.006918055936694145,0.011303973384201527,0.0,0.9469823241233826,0.999968945980072
lag_outlier,wls_origin,12.0,0.8,0.0020599961280822754,0.03416847437620163,0.06032458320260048,0.0,0.9469823241233826,0.999968945980072
lag_outlier,wls_free,12.0,0.8,0.002633601427078247,0.08998636901378632,0.1559419333934784,0.0,0.9469823241233826,0.999968945980072
lag_outlier,huber_wls,12.0,0.8,0.0020599961280822754,0.01352529413998127,0.029121965169906616,0.0,0.9469823241233826,0.999968945980072
lag_outlier,leave_one_out,12.0,0.8,0.0015864670276641846,0.0022770031355321407,0.003669291501864791,0.0,0.9469823241233826,0.999968945980072
lag_outlier,circular_grid,12.0,0.8,0.0028514263685792685,0.01509135402739048,0.03205513954162598,0.0,0.9469823241233826,0.999968945980072
lag_outlier,circular_refined,12.0,0.8,0.002060025930404663,0.030675414949655533,0.06032468378543854,0.0,0.9469823241233826,0.999968945980072
lag_outlier,circular_sign_wls,12.0,0.8,0.0020599961280822754,0.03416847437620163,0.06032458320260048,0.0,0.9469823241233826,0.999968945980072
lag_outlier,kasai,12.0,1.35,0.004661142826080322,0.006931844633072615,0.011388862505555153,0.0,0.9723329544067383,0.9999893307685852
lag_outlier,wls_origin,12.0,1.35,0.002022266387939453,0.03877565637230873,0.06565938144922256,0.0,0.9723329544067383,0.9999893307685852
lag_outlier,wls_free,12.0,1.35,0.0028952956199645996,0.10234392434358597,0.17494168877601624,0.0,0.9723329544067383,0.9999893307685852
lag_outlier,huber_wls,12.0,1.35,0.002022266387939453,0.013051320798695087,0.02841169759631157,0.0,0.9723329544067383,0.9999893307685852
lag_outlier,leave_one_out,12.0,1.35,0.0015022754669189453,0.0022440666798502207,0.003735268022865057,0.0,0.9723329544067383,0.9999893307685852
lag_outlier,circular_grid,12.0,1.35,0.0026301145553588867,0.015070697292685509,0.03227639198303223,0.0,0.9723329544067383,0.9999893307685852
lag_outlier,circular_refined,12.0,1.35,0.0020223259925842285,0.03022787533700466,0.061190441250801086,0.0,0.9723329544067383,0.9999893307685852
lag_outlier,circular_sign_wls,12.0,1.35,0.002022266387939453,0.03877565637230873,0.06565938144922256,0.0,0.9723329544067383,0.9999893307685852
clutter_leak,kasai,-12.0,0.35,0.9295176863670349,1.4454092979431152,2.5939602851867676,0.4248046875,0.3227735459804535,0.2274661660194397
clutter_leak,wls_origin,-12.0,0.35,0.2822166681289673,0.8248641490936279,1.5759354829788208,0.318359375,0.3227735459804535,0.2274661660194397
clutter_leak,wls_free,-12.0,0.35,0.44385266304016113,0.8831751942634583,1.5552301406860352,0.3955078125,0.3227735459804535,0.2274661660194397
clutter_leak,huber_wls,-12.0,0.35,0.269950807094574,0.8391302824020386,1.5723193883895874,0.31640625,0.3227735459804535,0.2274661660194397
clutter_leak,leave_one_out,-12.0,0.35,0.2698575556278229,0.8457213044166565,1.5802712440490723,0.31640625,0.3227735459804535,0.2274661660194397
clutter_leak,circular_grid,-12.0,0.35,0.7548549175262451,1.5054388046264648,2.6620006561279297,0.3486328125,0.3227735459804535,0.2274661660194397
clutter_leak,circular_refined,-12.0,0.35,0.7553752660751343,1.505631446838379,2.66780686378479,0.349609375,0.3227735459804535,0.2274661660194397
clutter_leak,circular_sign_wls,-12.0,0.35,0.3246539235115051,0.8133543133735657,1.5109230279922485,0.3486328125,0.3227735459804535,0.2274661660194397
clutter_leak,kasai,-12.0,0.8,0.8553284406661987,1.3754581212997437,2.4313242435455322,0.3759765625,0.39989370107650757,0.3808840215206146
clutter_leak,wls_origin,-12.0,0.8,0.6130400896072388,1.0169728994369507,1.7196847200393677,0.384765625,0.39989370107650757,0.3808840215206146
clutter_leak,wls_free,-12.0,0.8,0.7391386032104492,1.1113500595092773,1.8138850927352905,0.4404296875,0.39989370107650757,0.3808840215206146
clutter_leak,huber_wls,-12.0,0.8,0.6105067729949951,1.0282886028289795,1.7439422607421875,0.3779296875,0.39989370107650757,0.3808840215206146
clutter_leak,leave_one_out,-12.0,0.8,0.6185128688812256,1.0280203819274902,1.7389500141143799,0.38671875,0.39989370107650757,0.3808840215206146
clutter_leak,circular_grid,-12.0,0.8,0.9047197699546814,1.487746000289917,2.649141788482666,0.3828125,0.39989370107650757,0.3808840215206146
clutter_leak,circular_refined,-12.0,0.8,0.9107235670089722,1.487347960472107,2.6549220085144043,0.3837890625,0.39989370107650757,0.3808840215206146
clutter_leak,circular_sign_wls,-12.0,0.8,0.6343045830726624,1.0205885171890259,1.710150957107544,0.3828125,0.39989370107650757,0.3808840215206146
clutter_leak,kasai,-12.0,1.35,0.9555249214172363,1.4692596197128296,2.6039671897888184,0.3193359375,0.37431249022483826,0.19740286469459534
clutter_leak,wls_origin,-12.0,1.35,1.1826319694519043,1.3714123964309692,2.3445756435394287,0.3720703125,0.37431249022483826,0.19740286469459534
clutter_leak,wls_free,-12.0,1.35,1.1947249174118042,1.4541720151901245,2.4068541526794434,0.4345703125,0.37431249022483826,0.19740286469459534
clutter_leak,huber_wls,-12.0,1.35,1.1973705291748047,1.3733367919921875,2.364978790283203,0.3720703125,0.37431249022483826,0.19740286469459534
clutter_leak,leave_one_out,-12.0,1.35,1.1941051483154297,1.3744746446609497,2.345524311065674,0.380859375,0.37431249022483826,0.19740286469459534
clutter_leak,circular_grid,-12.0,1.35,1.1580138206481934,1.527510643005371,2.6817104816436768,0.3427734375,0.37431249022483826,0.19740286469459534
clutter_leak,circular_refined,-12.0,1.35,1.1303569078445435,1.52434241771698,2.672335624694824,0.34765625,0.37431249022483826,0.19740286469459534
clutter_leak,circular_sign_wls,-12.0,1.35,1.1569547653198242,1.3605554103851318,2.351574420928955,0.3427734375,0.37431249022483826,0.19740286469459534
clutter_leak,kasai,-6.0,0.35,0.26669758558273315,0.5451701283454895,0.8090758919715881,0.25,0.49628984928131104,0.5561174154281616
clutter_leak,wls_origin,-6.0,0.35,0.0920523852109909,0.20815308392047882,0.21394455432891846,0.0205078125,0.49628984928131104,0.5561174154281616
clutter_leak,wls_free,-6.0,0.35,0.11965318024158478,0.27870896458625793,0.3288506269454956,0.0712890625,0.49628984928131104,0.5561174154281616
clutter_leak,huber_wls,-6.0,0.35,0.09053078293800354,0.20666031539440155,0.20868894457817078,0.021484375,0.49628984928131104,0.5561174154281616
clutter_leak,leave_one_out,-6.0,0.35,0.09429061412811279,0.20981237292289734,0.2180144190788269,0.021484375,0.49628984928131104,0.5561174154281616
clutter_leak,circular_grid,-6.0,0.35,0.08820059895515442,0.3861754536628723,0.21910028159618378,0.025390625,0.49628984928131104,0.5561174154281616
clutter_leak,circular_refined,-6.0,0.35,0.09228090941905975,0.38609617948532104,0.21823418140411377,0.0263671875,0.49628984928131104,0.5561174154281616
clutter_leak,circular_sign_wls,-6.0,0.35,0.0921332985162735,0.19724813103675842,0.21731559932231903,0.025390625,0.49628984928131104,0.5561174154281616
clutter_leak,kasai,-6.0,0.8,0.33281272649765015,0.5831063389778137,0.9005612134933472,0.0966796875,0.6487594246864319,0.8254011273384094
clutter_leak,wls_origin,-6.0,0.8,0.08822143077850342,0.48449569940567017,0.8222474455833435,0.115234375,0.6487594246864319,0.8254011273384094
clutter_leak,wls_free,-6.0,0.8,0.20737338066101074,0.6764105558395386,1.2465914487838745,0.2099609375,0.6487594246864319,0.8254011273384094
clutter_leak,huber_wls,-6.0,0.8,0.09455561637878418,0.4753229022026062,0.8018515110015869,0.099609375,0.6487594246864319,0.8254011273384094
clutter_leak,leave_one_out,-6.0,0.8,0.11076614260673523,0.4769330620765686,0.8277309536933899,0.1083984375,0.6487594246864319,0.8254011273384094
clutter_leak,circular_grid,-6.0,0.8,0.0844150185585022,0.6760232448577881,0.8645772337913513,0.09765625,0.6487594246864319,0.8254011273384094
clutter_leak,circular_refined,-6.0,0.8,0.08161601424217224,0.6779288053512573,0.8651029467582703,0.1044921875,0.6487594246864319,0.8254011273384094
clutter_leak,circular_sign_wls,-6.0,0.8,0.0925983190536499,0.4909525513648987,0.7999197244644165,0.09765625,0.6487594246864319,0.8254011273384094
clutter_leak,kasai,-6.0,1.35,0.43538275361061096,0.7399134039878845,1.1589019298553467,0.060546875,0.6315152049064636,0.9327651262283325
clutter_leak,wls_origin,-6.0,1.35,0.074107825756073,0.8551589846611023,1.4121577739715576,0.1767578125,0.6315152049064636,0.9327651262283325
clutter_leak,wls_free,-6.0,1.35,0.18674135208129883,0.9533135890960693,1.649606466293335,0.2744140625,0.6315152049064636,0.9327651262283325
clutter_leak,huber_wls,-6.0,1.35,0.07228922843933105,0.8554501533508301,1.4051501750946045,0.171875,0.6315152049064636,0.9327651262283325
clutter_leak,leave_one_out,-6.0,1.35,0.08009994029998779,0.8544801473617554,1.4022889137268066,0.1572265625,0.6315152049064636,0.9327651262283325
clutter_leak,circular_grid,-6.0,1.35,0.05499005317687988,0.710144579410553,1.3412734270095825,0.0859375,0.6315152049064636,0.9327651262283325
clutter_leak,circular_refined,-6.0,1.35,0.056220173835754395,0.7110611200332642,1.3464092016220093,0.0888671875,0.6315152049064636,0.9327651262283325
clutter_leak,circular_sign_wls,-6.0,1.35,0.07417339086532593,0.8243429064750671,1.3443567752838135,0.0859375,0.6315152049064636,0.9327651262283325
clutter_leak,kasai,0.0,0.35,0.10127768665552139,0.1381007432937622,0.21621662378311157,0.0087890625,0.927716851234436,0.9504363536834717
clutter_leak,wls_origin,0.0,0.35,0.08288490772247314,0.09140054881572723,0.12726013362407684,0.0,0.927716851234436,0.9504363536834717
clutter_leak,wls_free,0.0,0.35,0.07850995659828186,0.09393810480833054,0.14108043909072876,0.0,0.927716851234436,0.9504363536834717
clutter_leak,huber_wls,0.0,0.35,0.08288490772247314,0.09140054881572723,0.12726013362407684,0.0,0.927716851234436,0.9504363536834717
clutter_leak,leave_one_out,0.0,0.35,0.08254444599151611,0.09211739897727966,0.1306605339050293,0.0,0.927716851234436,0.9504363536834717
clutter_leak,circular_grid,0.0,0.35,0.07947397977113724,0.0914580225944519,0.1231071949005127,0.0,0.927716851234436,0.9504363536834717
clutter_leak,circular_refined,0.0,0.35,0.08288490772247314,0.09140054881572723,0.12726011872291565,0.0,0.927716851234436,0.9504363536834717
clutter_leak,circular_sign_wls,0.0,0.35,0.08288490772247314,0.09140054881572723,0.12726013362407684,0.0,0.927716851234436,0.9504363536834717
clutter_leak,kasai,0.0,0.8,0.2173765003681183,0.2540484070777893,0.38148558139801025,0.0,0.9016668796539307,0.9388065934181213
clutter_leak,wls_origin,0.0,0.8,0.027145296335220337,0.12416606396436691,0.07943796366453171,0.0,0.9016668796539307,0.9388065934181213
clutter_leak,wls_free,0.0,0.8,0.12465816736221313,0.2275620996952057,0.2482224404811859,0.0283203125,0.9016668796539307,0.9388065934181213
clutter_leak,huber_wls,0.0,0.8,0.031065165996551514,0.11082234233617783,0.11426408588886261,0.0,0.9016668796539307,0.9388065934181213
clutter_leak,leave_one_out,0.0,0.8,0.06692937016487122,0.1362478882074356,0.21690426766872406,0.0,0.9016668796539307,0.9388065934181213
clutter_leak,circular_grid,0.0,0.8,0.03205513954162598,0.10215277969837189,0.09314167499542236,0.0,0.9016668796539307,0.9388065934181213
clutter_leak,circular_refined,0.0,0.8,0.027035444974899292,0.1036805659532547,0.07751975953578949,0.0,0.9016668796539307,0.9388065934181213
clutter_leak,circular_sign_wls,0.0,0.8,0.027145296335220337,0.12416606396436691,0.07943796366453171,0.0,0.9016668796539307,0.9388065934181213
clutter_leak,kasai,0.0,1.35,0.35099583864212036,0.3991289734840393,0.5829401016235352,0.0,0.9140491485595703,0.9804953336715698
clutter_leak,wls_origin,0.0,1.35,0.01864522695541382,0.3469216227531433,0.04900549724698067,0.0205078125,0.9140491485595703,0.9804953336715698
clutter_leak,wls_free,0.0,1.35,0.10134744644165039,0.41088783740997314,0.18761882185935974,0.06640625,0.9140491485595703,0.9804953336715698
clutter_leak,huber_wls,0.0,1.35,0.018482685089111328,0.3469318747520447,0.04816378280520439,0.025390625,0.9140491485595703,0.9804953336715698
clutter_leak,leave_one_out,0.0,1.35,0.015568375587463379,0.3355766534805298,0.05054532364010811,0.001953125,0.9140491485595703,0.9804953336715698
clutter_leak,circular_grid,0.0,1.35,0.02008342742919922,0.14718377590179443,0.03753674030303955,0.001953125,0.9140491485595703,0.9804953336715698
clutter_leak,circular_refined,0.0,1.35,0.017968593165278435,0.14694315195083618,0.04049647971987724,0.001953125,0.9140491485595703,0.9804953336715698
clutter_leak,circular_sign_wls,0.0,1.35,0.01864522695541382,0.34427177906036377,0.04900549724698067,0.001953125,0.9140491485595703,0.9804953336715698
clutter_leak,kasai,6.0,0.35,0.09003998339176178,0.09439342468976974,0.12618522346019745,0.0,0.9949061870574951,0.9959372878074646
clutter_leak,wls_origin,6.0,0.35,0.08340172469615936,0.08476147055625916,0.10276172310113907,0.0,0.9949061870574951,0.9959372878074646
clutter_leak,wls_free,6.0,0.35,0.07684354484081268,0.07930554449558258,0.09983550012111664,0.0,0.9949061870574951,0.9959372878074646
clutter_leak,huber_wls,6.0,0.35,0.08340172469615936,0.08476147055625916,0.10276172310113907,0.0,0.9949061870574951,0.9959372878074646
clutter_leak,leave_one_out,6.0,0.35,0.08406050503253937,0.08510877937078476,0.10319077968597412,0.0,0.9949061870574951,0.9959372878074646
clutter_leak,circular_grid,6.0,0.35,0.07947397977113724,0.08479670435190201,0.10565389692783356,0.0,0.9949061870574951,0.9959372878074646
clutter_leak,circular_refined,6.0,0.35,0.08340173959732056,0.08476147055625916,0.10276176035404205,0.0,0.9949061870574951,0.9959372878074646
clutter_leak,circular_sign_wls,6.0,0.35,0.08340172469615936,0.08476147055625916,0.10276172310113907,0.0,0.9949061870574951,0.9959372878074646
clutter_leak,kasai,6.0,0.8,0.2157183289527893,0.22034043073654175,0.27142226696014404,0.0,0.9426879286766052,0.9457294940948486
clutter_leak,wls_origin,6.0,0.8,0.02392086386680603,0.029315771535038948,0.045459043234586716,0.0,0.9426879286766052,0.9457294940948486
clutter_leak,wls_free,6.0,0.8,0.12579035758972168,0.13072362542152405,0.16518263518810272,0.0,0.9426879286766052,0.9457294940948486
clutter_leak,huber_wls,6.0,0.8,0.024225890636444092,0.033094797283411026,0.04704154282808304,0.0,0.9426879286766052,0.9457294940948486
clutter_leak,leave_one_out,6.0,0.8,0.08886843919754028,0.09600262343883514,0.14650382101535797,0.0,0.9426879286766052,0.9457294940948486
clutter_leak,circular_grid,6.0,0.8,0.02332848310470581,0.03183186426758766,0.04950845241546631,0.0,0.9426879286766052,0.9457294940948486
clutter_leak,circular_refined,6.0,0.8,0.023920804262161255,0.0293157659471035,0.0454590804874897,0.0,0.9426879286766052,0.9457294940948486
clutter_leak,circular_sign_wls,6.0,0.8,0.02392086386680603,0.029315771535038948,0.045459043234586716,0.0,0.9426879286766052,0.9457294940948486
clutter_leak,kasai,6.0,1.35,0.3552398085594177,0.3614884614944458,0.44083690643310547,0.0,0.9807296991348267,0.9826624393463135
clutter_leak,wls_origin,6.0,1.35,0.015047252178192139,0.04507020488381386,0.023705434054136276,0.0,0.9807296991348267,0.9826624393463135
clutter_leak,wls_free,6.0,1.35,0.09961628913879395,0.11363844573497772,0.1265496462583542,0.0009765625,0.9807296991348267,0.9826624393463135
clutter_leak,huber_wls,6.0,1.35,0.01505500078201294,0.045008543878793716,0.023705434054136276,0.0,0.9807296991348267,0.9826624393463135
clutter_leak,leave_one_out,6.0,1.35,0.010201573371887207,0.04203282669186592,0.018287574872374535,0.0,0.9807296991348267,0.9826624393463135
clutter_leak,circular_grid,6.0,1.35,0.011356830596923828,0.016755733639001846,0.02008342742919922,0.0,0.9807296991348267,0.9826624393463135
clutter_leak,circular_refined,6.0,1.35,0.015047311782836914,0.016534971073269844,0.023705434054136276,0.0,0.9807296991348267,0.9826624393463135
clutter_leak,circular_sign_wls,6.0,1.35,0.015047252178192139,0.04507020488381386,0.023705434054136276,0.0,0.9807296991348267,0.9826624393463135
clutter_leak,kasai,12.0,0.35,0.09140023589134216,0.09188263863325119,0.10317808389663696,0.0,0.9985202550888062,0.998731255531311
clutter_leak,wls_origin,12.0,0.35,0.08372296392917633,0.08384522795677185,0.09211848676204681,0.0,0.9985202550888062,0.998731255531311
clutter_leak,wls_free,12.0,0.35,0.07718661427497864,0.0776069238781929,0.08712867647409439,0.0,0.9985202550888062,0.998731255531311
clutter_leak,huber_wls,12.0,0.35,0.08372296392917633,0.08384522795677185,0.09211848676204681,0.0,0.9985202550888062,0.998731255531311
clutter_leak,leave_one_out,12.0,0.35,0.08491891622543335,0.08505517989397049,0.09371642768383026,0.0,0.9985202550888062,0.998731255531311
clutter_leak,circular_grid,12.0,0.35,0.07947397977113724,0.0838022455573082,0.08820059895515442,0.0,0.9985202550888062,0.998731255531311
clutter_leak,circular_refined,12.0,0.35,0.08372293412685394,0.08384522795677185,0.0921185091137886,0.0,0.9985202550888062,0.998731255531311
clutter_leak,circular_sign_wls,12.0,0.35,0.08372296392917633,0.08384522795677185,0.09211848676204681,0.0,0.9985202550888062,0.998731255531311
clutter_leak,kasai,12.0,0.8,0.21897241473197937,0.22012393176555634,0.24242353439331055,0.0,0.9436215162277222,0.9447728991508484
clutter_leak,wls_origin,12.0,0.8,0.02506566047668457,0.027476724237203598,0.040048323571681976,0.0,0.9436215162277222,0.9447728991508484
clutter_leak,wls_free,12.0,0.8,0.12732818722724915,0.12925130128860474,0.14805254340171814,0.0,0.9436215162277222,0.9447728991508484
clutter_leak,huber_wls,12.0,0.8,0.02506566047668457,0.02756771817803383,0.040048323571681976,0.0,0.9436215162277222,0.9447728991508484
clutter_leak,leave_one_out,12.0,0.8,0.10224997997283936,0.08784209936857224,0.13042187690734863,0.0,0.9436215162277222,0.9447728991508484
clutter_leak,circular_grid,12.0,0.8,0.02332848310470581,0.028927350416779518,0.04078179970383644,0.0,0.9436215162277222,0.9447728991508484
clutter_leak,circular_refined,12.0,0.8,0.025065600872039795,0.02747672237455845,0.040048323571681976,0.0,0.9436215162277222,0.9447728991508484
clutter_leak,circular_sign_wls,12.0,0.8,0.02506566047668457,0.027476724237203598,0.040048323571681976,0.0,0.9436215162277222,0.9447728991508484
clutter_leak,kasai,12.0,1.35,0.3515959680080414,0.3537953794002533,0.3910234272480011,0.0,0.9826557636260986,0.982910692691803
clutter_leak,wls_origin,12.0,1.35,0.01521921157836914,0.015282069332897663,0.01870950497686863,0.0,0.9826557636260986,0.982910692691803
clutter_leak,wls_free,12.0,1.35,0.0996406078338623,0.10022277384996414,0.11100441217422485,0.0,0.9826557636260986,0.982910692691803
clutter_leak,huber_wls,12.0,1.35,0.01521921157836914,0.015282069332897663,0.01870950497686863,0.0,0.9826557636260986,0.982910692691803
clutter_leak,leave_one_out,12.0,1.35,0.010424554347991943,0.01096299383789301,0.014386367984116077,0.0,0.9826557636260986,0.982910692691803
clutter_leak,circular_grid,12.0,1.35,0.011356830596923828,0.015457036904990673,0.02008342742919922,0.0,0.9826557636260986,0.982910692691803
clutter_leak,circular_refined,12.0,1.35,0.01521921157836914,0.01528209913522005,0.0187093373388052,0.0,0.9826557636260986,0.982910692691803
clutter_leak,circular_sign_wls,12.0,1.35,0.01521921157836914,0.015282069332897663,0.01870950497686863,0.0,0.9826557636260986,0.982910692691803
two_component,kasai,-12.0,0.35,0.8646135330200195,1.4018365144729614,2.500945806503296,0.431640625,0.34501731395721436,0.29485082626342773
two_component,wls_origin,-12.0,0.35,0.25249120593070984,0.7875500917434692,1.4736067056655884,0.3310546875,0.34501731395721436,0.29485082626342773
two_component,wls_free,-12.0,0.35,0.45593971014022827,0.8622688055038452,1.5608891248703003,0.3974609375,0.34501731395721436,0.29485082626342773
two_component,huber_wls,-12.0,0.35,0.25480183959007263,0.8071833252906799,1.481239676475525,0.3271484375,0.34501731395721436,0.29485082626342773
two_component,leave_one_out,-12.0,0.35,0.2684236764907837,0.8144991397857666,1.478888750076294,0.3291015625,0.34501731395721436,0.29485082626342773
two_component,circular_grid,-12.0,0.35,0.667588472366333,1.4697778224945068,2.651216506958008,0.341796875,0.34501731395721436,0.29485082626342773
two_component,circular_refined,-12.0,0.35,0.6751266121864319,1.4700266122817993,2.6514039039611816,0.3427734375,0.34501731395721436,0.29485082626342773
two_component,circular_sign_wls,-12.0,0.35,0.3029016852378845,0.7786385416984558,1.461737871170044,0.341796875,0.34501731395721436,0.29485082626342773
two_component,kasai,-12.0,0.8,0.9422555565834045,1.447770595550537,2.583293914794922,0.390625,0.45182615518569946,0.47501057386398315
two_component,wls_origin,-12.0,0.8,0.531027615070343,1.0437841415405273,1.67644464969635,0.416015625,0.45182615518569946,0.47501057386398315
two_component,wls_free,-12.0,0.8,0.6311869621276855,1.1147949695587158,1.8413667678833008,0.4140625,0.45182615518569946,0.47501057386398315
two_component,huber_wls,-12.0,0.8,0.5349295139312744,1.0479626655578613,1.6702593564987183,0.4189453125,0.45182615518569946,0.47501057386398315
two_component,leave_one_out,-12.0,0.8,0.5331939458847046,1.051395058631897,1.6895012855529785,0.4150390625,0.45182615518569946,0.47501057386398315
two_component,circular_grid,-12.0,0.8,1.018166184425354,1.4982318878173828,2.6644785404205322,0.388671875,0.45182615518569946,0.47501057386398315
two_component,circular_refined,-12.0,0.8,0.9990081787109375,1.4991300106048584,2.680694580078125,0.38671875,0.45182615518569946,0.47501057386398315
two_component,circular_sign_wls,-12.0,0.8,0.4632614850997925,1.0320093631744385,1.7060819864273071,0.388671875,0.45182615518569946,0.47501057386398315
two_component,kasai,-12.0,1.35,0.9983329772949219,1.4511818885803223,2.4978418350219727,0.3173828125,0.4173210859298706,0.3683907687664032
two_component,wls_origin,-12.0,1.35,0.9481143951416016,1.3783925771713257,2.298340082168579,0.388671875,0.4173210859298706,0.3683907687664032
two_component,wls_free,-12.0,1.35,1.09470534324646,1.4714709520339966,2.4411585330963135,0.4140625,0.4173210859298706,0.3683907687664032
two_component,huber_wls,-12.0,1.35,1.020488977432251,1.3808223009109497,2.3101415634155273,0.3857421875,0.4173210859298706,0.3683907687664032
two_component,leave_one_out,-12.0,1.35,1.0274693965911865,1.3787065744400024,2.318607807159424,0.3779296875,0.4173210859298706,0.3683907687664032
two_component,circular_grid,-12.0,1.35,1.0995573997497559,1.5521856546401978,2.6055970191955566,0.376953125,0.4173210859298706,0.3683907687664032
two_component,circular_refined,-12.0,1.35,1.0960839986801147,1.5512012243270874,2.6083779335021973,0.3759765625,0.4173210859298706,0.3683907687664032
two_component,circular_sign_wls,-12.0,1.35,1.0041441917419434,1.3955596685409546,2.3401758670806885,0.376953125,0.4173210859298706,0.3683907687664032
two_component,kasai,-6.0,0.35,0.2601568102836609,0.5287009477615356,0.7704225182533264,0.2373046875,0.5394161939620972,0.6222400665283203
two_component,wls_origin,-6.0,0.35,0.060717299580574036,0.26744940876960754,0.27528440952301025,0.0712890625,0.5394161939620972,0.6222400665283203
two_component,wls_free,-6.0,0.35,0.1065177321434021,0.3656519949436188,0.4210280776023865,0.111328125,0.5394161939620972,0.6222400665283203
two_component,huber_wls,-6.0,0.35,0.061109140515327454,0.2658999264240265,0.27296748757362366,0.064453125,0.5394161939620972,0.6222400665283203
two_component,leave_one_out,-6.0,0.35,0.06543281674385071,0.2699184715747833,0.2617669403553009,0.0634765625,0.5394161939620972,0.6222400665283203
two_component,circular_grid,-6.0,0.35,0.06202065944671631,0.4186638295650482,0.25344640016555786,0.048828125,0.5394161939620972,0.6222400665283203
two_component,circular_refined,-6.0,0.35,0.06014512479305267,0.4201014041900635,0.2528190612792969,0.05078125,0.5394161939620972,0.6222400665283203
two_component,circular_sign_wls,-6.0,0.35,0.06060582399368286,0.22823147475719452,0.2610664367675781,0.048828125,0.5394161939620972,0.6222400665283203
two_component,kasai,-6.0,0.8,0.3181036114692688,0.6105449199676514,0.9102236032485962,0.109375,0.8198629021644592,0.8993959426879883
two_component,wls_origin,-6.0,0.8,0.04179009795188904,0.44758471846580505,0.6656809449195862,0.0966796875,0.8198629021644592,0.8993959426879883
two_component,wls_free,-6.0,0.8,0.10744243860244751,0.5016493201255798,0.6037933826446533,0.0947265625,0.8198629021644592,0.8993959426879883
two_component,huber_wls,-6.0,0.8,0.04160487651824951,0.4483899772167206,0.6964775919914246,0.0966796875,0.8198629021644592,0.8993959426879883
two_component,leave_one_out,-6.0,0.8,0.04710701107978821,0.44889068603515625,0.6282545924186707,0.0986328125,0.8198629021644592,0.8993959426879883
two_component,circular_grid,-6.0,0.8,0.037758052349090576,0.45352184772491455,0.17476637661457062,0.0537109375,0.8198629021644592,0.8993959426879883
two_component,circular_refined,-6.0,0.8,0.04053741693496704,0.4550425708293915,0.16426971554756165,0.0537109375,0.8198629021644592,0.8993959426879883
two_component,circular_sign_wls,-6.0,0.8,0.04150468111038208,0.3556433916091919,0.1934662163257599,0.0537109375,0.8198629021644592,0.8993959426879883
two_component,kasai,-6.0,1.35,0.3784675896167755,0.740480899810791,1.201149582862854,0.06640625,0.7818609476089478,0.9536329507827759
two_component,wls_origin,-6.0,1.35,0.05035775899887085,0.6519843339920044,1.4121304750442505,0.109375,0.7818609476089478,0.9536329507827759
two_component,wls_free,-6.0,1.35,0.12646818161010742,0.6785420775413513,1.2949720621109009,0.0908203125,0.7818609476089478,0.9536329507827759
two_component,huber_wls,-6.0,1.35,0.05143463611602783,0.6520667672157288,1.3598692417144775,0.1015625,0.7818609476089478,0.9536329507827759
two_component,leave_one_out,-6.0,1.35,0.0585249662399292,0.6476399898529053,1.3410271406173706,0.09765625,0.7818609476089478,0.9536329507827759
two_component,circular_grid,-6.0,1.35,0.04626334086060524,0.6197842955589294,0.21449610590934753,0.064453125,0.7818609476089478,0.9536329507827759
two_component,circular_refined,-6.0,1.35,0.045040130615234375,0.620662271976471,0.20440427958965302,0.064453125,0.7818609476089478,0.9536329507827759
two_component,circular_sign_wls,-6.0,1.35,0.05057501792907715,0.627144992351532,1.1348583698272705,0.064453125,0.7818609476089478,0.9536329507827759
two_component,kasai,0.0,0.35,0.10490439832210541,0.14187519252300262,0.22382311522960663,0.005859375,0.9246612191200256,0.9423727989196777
two_component,wls_origin,0.0,0.35,0.041613027453422546,0.05740772560238838,0.08891093730926514,0.0,0.9246612191200256,0.9423727989196777
two_component,wls_free,0.0,0.35,0.02681882679462433,0.04879928380250931,0.07749585807323456,0.0,0.9246612191200256,0.9423727989196777
two_component,huber_wls,0.0,0.35,0.041613027453422546,0.05745306611061096,0.08891093730926514,0.0,0.9246612191200256,0.9423727989196777
two_component,leave_one_out,0.0,0.35,0.04460814595222473,0.06666601449251175,0.1096951887011528,0.0,0.9246612191200256,0.9423727989196777
two_component,circular_grid,0.0,0.35,0.044567376375198364,0.05756836012005806,0.08820059895515442,0.0,0.9246612191200256,0.9423727989196777
two_component,circular_refined,0.0,0.35,0.04161307215690613,0.05740772560238838,0.08891093730926514,0.0,0.9246612191200256,0.9423727989196777
two_component,circular_sign_wls,0.0,0.35,0.041613027453422546,0.05740772560238838,0.08891093730926514,0.0,0.9246612191200256,0.9423727989196777
two_component,kasai,0.0,0.8,0.18274158239364624,0.22591683268547058,0.35252317786216736,0.0,0.9783229827880859,0.983251690864563
two_component,wls_origin,0.0,0.8,0.01178056001663208,0.018257986754179,0.02912309020757675,0.0,0.9783229827880859,0.983251690864563
two_component,wls_free,0.0,0.8,0.0490720272064209,0.06221243366599083,0.09783350676298141,0.0,0.9783229827880859,0.983251690864563
two_component,huber_wls,0.0,0.8,0.011790454387664795,0.01827285997569561,0.02912309020757675,0.0,0.9783229827880859,0.983251690864563
two_component,leave_one_out,0.0,0.8,0.013938426971435547,0.022453535348176956,0.03728702664375305,0.0,0.9783229827880859,0.983251690864563
two_component,circular_grid,0.0,0.8,0.011578082107007504,0.018396934494376183,0.02903139777481556,0.0,0.9783229827880859,0.983251690864563
two_component,circular_refined,0.0,0.8,0.011780530214309692,0.018257986754179,0.029123108834028244,0.0,0.9783229827880859,0.983251690864563
two_component,circular_sign_wls,0.0,0.8,0.01178056001663208,0.018257986754179,0.02912309020757675,0.0,0.9783229827880859,0.983251690864563
two_component,kasai,0.0,1.35,0.18693029880523682,0.2614225149154663,0.4123122990131378,0.0009765625,0.9880726337432861,0.9918301701545715
two_component,wls_origin,0.0,1.35,0.014724552631378174,0.10273338854312897,0.03709025681018829,0.001953125,0.9880726337432861,0.9918301701545715
two_component,wls_free,0.0,1.35,0.04575216770172119,0.12452361732721329,0.10314609855413437,0.001953125,0.9880726337432861,0.9918301701545715
two_component,huber_wls,0.0,1.35,0.01472485065460205,0.10408725589513779,0.0372626893222332,0.001953125,0.9880726337432861,0.9918301701545715
two_component,leave_one_out,0.0,1.35,0.01957637071609497,0.10756739974021912,0.0517306923866272,0.001953125,0.9880726337432861,0.9918301701545715
two_component,circular_grid,0.0,1.35,0.014823198318481445,0.10340683907270432,0.03753674030303955,0.001953125,0.9880726337432861,0.9918301701545715
two_component,circular_refined,0.0,1.35,0.014724493026733398,0.10273340344429016,0.03709025681018829,0.001953125,0.9880726337432861,0.9918301701545715
two_component,circular_sign_wls,0.0,1.35,0.014724552631378174,0.10273338854312897,0.03709025681018829,0.001953125,0.9880726337432861,0.9918301701545715
two_component,kasai,6.0,0.35,0.09113523364067078,0.09692379832267761,0.13118356466293335,0.0,0.96866774559021,0.9715235233306885
two_component,wls_origin,6.0,0.35,0.039233773946762085,0.04246153682470322,0.058704402297735214,0.0,0.96866774559021,0.9715235233306885
two_component,wls_free,6.0,0.35,0.012010365724563599,0.016467861831188202,0.026337627321481705,0.0,0.96866774559021,0.9715235233306885
two_component,huber_wls,6.0,0.35,0.039233773946762085,0.04246153682470322,0.058704402297735214,0.0,0.96866774559021,0.9715235233306885
two_component,leave_one_out,6.0,0.35,0.044992148876190186,0.05184528976678848,0.07594838738441467,0.0,0.96866774559021,0.9715235233306885
two_component,circular_grid,6.0,0.35,0.0358407162129879,0.04247240349650383,0.06202065944671631,0.0,0.96866774559021,0.9715235233306885
two_component,circular_refined,6.0,0.35,0.03923380374908447,0.04246153682470322,0.058704402297735214,0.0,0.96866774559021,0.9715235233306885
two_component,circular_sign_wls,6.0,0.35,0.039233773946762085,0.04246153682470322,0.058704402297735214,0.0,0.96866774559021,0.9715235233306885
two_component,kasai,6.0,0.8,0.1827431619167328,0.19242089986801147,0.25176340341567993,0.0,0.9863049387931824,0.9876119494438171
two_component,wls_origin,6.0,0.8,0.007088124752044678,0.009099030867218971,0.014659094624221325,0.0,0.9863049387931824,0.9876119494438171
two_component,wls_free,6.0,0.8,0.04895418882369995,0.05198230594396591,0.06889799237251282,0.0,0.9863049387931824,0.9876119494438171
two_component,huber_wls,6.0,0.8,0.007088124752044678,0.009099030867218971,0.014659094624221325,0.0,0.9863049387931824,0.9876119494438171
two_component,leave_one_out,6.0,0.8,0.00639110803604126,0.008455762639641762,0.013738716021180153,0.0,0.9863049387931824,0.9876119494438171
two_component,circular_grid,6.0,0.8,0.005875229835510254,0.009444023482501507,0.011578082107007504,0.0,0.9863049387931824,0.9876119494438171
two_component,circular_refined,6.0,0.8,0.007088184356689453,0.009099002927541733,0.014659112319350243,0.0,0.9863049387931824,0.9876119494438171
two_component,circular_sign_wls,6.0,0.8,0.007088124752044678,0.009099030867218971,0.014659094624221325,0.0,0.9863049387931824,0.9876119494438171
two_component,kasai,6.0,1.35,0.17535442113876343,0.19333036243915558,0.26573681831359863,0.0,0.9930680394172668,0.9936966896057129
two_component,wls_origin,6.0,1.35,0.01082909107208252,0.012682917527854443,0.01904388703405857,0.0,0.9930680394172668,0.9936966896057129
two_component,wls_free,6.0,1.35,0.0437890887260437,0.04757113754749298,0.06547902524471283,0.0,0.9930680394172668,0.9936966896057129
two_component,huber_wls,6.0,1.35,0.01082909107208252,0.012682917527854443,0.01904388703405857,0.0,0.9930680394172668,0.9936966896057129
two_component,leave_one_out,6.0,1.35,0.0134352445602417,0.016261665150523186,0.024524927139282227,0.0,0.9930680394172668,0.9936966896057129
two_component,circular_grid,6.0,1.35,0.011356830596923828,0.012929159216582775,0.02008342742919922,0.0,0.9930680394172668,0.9936966896057129
two_component,circular_refined,6.0,1.35,0.01082909107208252,0.012682954780757427,0.01904388703405857,0.0,0.9930680394172668,0.9936966896057129
two_component,circular_sign_wls,6.0,1.35,0.01082909107208252,0.012682917527854443,0.01904388703405857,0.0,0.9930680394172668,0.9936966896057129
two_component,kasai,12.0,0.35,0.09513749182224274,0.09556865692138672,0.11048536747694016,0.0,0.9708042144775391,0.9711845517158508
two_component,wls_origin,12.0,0.35,0.0401524156332016,0.04153389111161232,0.053391195833683014,0.0,0.9708042144775391,0.9711845517158508
two_component,wls_free,12.0,0.35,0.00974079966545105,0.01185697503387928,0.018578603863716125,0.0,0.9708042144775391,0.9711845517158508
two_component,huber_wls,12.0,0.35,0.0401524156332016,0.04153389111161232,0.053391195833683014,0.0,0.9708042144775391,0.9711845517158508
two_component,leave_one_out,12.0,0.35,0.04652157425880432,0.05208450183272362,0.07302296161651611,0.0,0.9708042144775391,0.9711845517158508
two_component,circular_grid,12.0,0.35,0.0358407162129879,0.04162738099694252,0.05329403281211853,0.0,0.9708042144775391,0.9711845517158508
two_component,circular_refined,12.0,0.35,0.04015238583087921,0.04153389111161232,0.053391195833683014,0.0,0.9708042144775391,0.9711845517158508
two_component,circular_sign_wls,12.0,0.35,0.0401524156332016,0.04153389111161232,0.053391195833683014,0.0,0.9708042144775391,0.9711845517158508
two_component,kasai,12.0,0.8,0.18397226929664612,0.18560925126075745,0.21258655190467834,0.0,0.9873652458190918,0.987528920173645
two_component,wls_origin,12.0,0.8,0.006922543048858643,0.007439873646944761,0.010289586149156094,0.0,0.9873652458190918,0.987528920173645
two_component,wls_free,12.0,0.8,0.04910677671432495,0.04982087388634682,0.05727477744221687,0.0,0.9873652458190918,0.987528920173645
two_component,huber_wls,12.0,0.8,0.006922543048858643,0.007439873646944761,0.010289586149156094,0.0,0.9873652458190918,0.987528920173645
two_component,leave_one_out,12.0,0.8,0.0062194764614105225,0.006661988794803619,0.009387481026351452,0.0,0.9873652458190918,0.987528920173645
two_component,circular_grid,12.0,0.8,0.0028514263685792685,0.008075550198554993,0.011578082107007504,0.0,0.9873652458190918,0.987528920173645
two_component,circular_refined,12.0,0.8,0.0069224536418914795,0.007439835462719202,0.010289550758898258,0.0,0.9873652458190918,0.987528920173645
two_component,circular_sign_wls,12.0,0.8,0.006922543048858643,0.007439873646944761,0.010289586149156094,0.0,0.9873652458190918,0.987528920173645
two_component,kasai,12.0,1.35,0.18025285005569458,0.18478134274482727,0.21902111172676086,0.0,0.993447482585907,0.9936263561248779
two_component,wls_origin,12.0,1.35,0.011134445667266846,0.011434669606387615,0.014636517502367496,0.0,0.993447482585907,0.9936263561248779
two_component,wls_free,12.0,1.35,0.044973671436309814,0.045564595609903336,0.05333961173892021,0.0,0.993447482585907,0.9936263561248779
two_component,huber_wls,12.0,1.35,0.011134445667266846,0.011434669606387615,0.014636517502367496,0.0,0.993447482585907,0.9936263561248779
two_component,leave_one_out,12.0,1.35,0.01420682668685913,0.014652293175458908,0.01887565851211548,0.0,0.993447482585907,0.9936263561248779
two_component,circular_grid,12.0,1.35,0.011356830596923828,0.011556542478501797,0.011356830596923828,0.0,0.993447482585907,0.9936263561248779
two_component,circular_refined,12.0,1.35,0.011134564876556396,0.011434707790613174,0.014636517502367496,0.0,0.993447482585907,0.9936263561248779
two_component,circular_sign_wls,12.0,1.35,0.011134445667266846,0.011434669606387615,0.014636517502367496,0.0,0.993447482585907,0.9936263561248779
